,year,state,d_eg,r_eg
0,1976,Alabama,-0.12316097375756922,0.12316097375756922
1,1976,Alaska,-0.02700042862299224,0.02700042862299224
2,1976,Arizona,-0.004448596146701343,0.004448596146701343
3,1976,Arkansas,-0.02072914026513975,0.02072914026513975
4,1976,California,-0.0035405894389381114,0.0035405894389381114
5,1976,Colorado,0.05610783506089025,-0.05610783506089025
6,1976,Connecticut,0.03316583080729384,-0.03316583080729384
7,1976,Delaware,-0.07695910918939024,0.07695910918939024
8,1976,Florida,-0.04841333925857102,0.04841333925857102
9,1976,Georgia,0.005212026175533688,-0.005212026175533688
10,1976,Hawaii,0.03380915628160875,-0.03380915628160875
11,1976,Idaho,-0.22351472768910843,0.22351472768910843
12,1976,Illinois,-0.021807009793805118,0.021807009793805118
13,1976,Indiana,0.04399356007124391,-0.04399356007124391
14,1976,Iowa,0.005168355278932851,-0.005168355278932851
15,1976,Kansas,0.031143687518227315,-0.031143687518227315
16,1976,Kentucky,-0.022241531470094385,0.022241531470094385
17,1976,Louisiana,-0.026025457719463845,0.026025457719463845
18,1976,Maine,-0.0626346066590788,0.0626346066590788
19,1976,Maryland,-0.07155191788360037,0.07155191788360037
20,1976,Massachusetts,-0.0007894124440518545,0.0007894124440518545
21,1976,Michigan,-0.016638981138540423,0.016638981138540423
22,1976,Minnesota,-0.021281573316737846,0.021281573316737846
23,1976,Mississippi,-0.0554289300908124,0.0554289300908124
24,1976,Missouri,0.05999789508826413,-0.05999789508826413
25,1976,Montana,-0.05092083326841277,0.05092083326841277
26,1976,Nebraska,0.034040042958191304,-0.034040042958191304
27,1976,Nevada,-0.029962023986430705,0.029962023986430705
28,1976,New Hampshire,-0.035675483708107095,0.035675483708107095
29,1976,New Jersey,0.023023111346591393,-0.023023111346591393
30,1976,New Mexico,0.004308256795061603,-0.004308256795061603
31,1976,New York,-0.010057958744471178,0.010057958744471178
32,1976,North Carolina,0.0008867242477086742,-0.0008867242477086742
33,1976,North Dakota,-0.07840516165828966,0.07840516165828966
34,1976,Ohio,-0.018884244180113984,0.018884244180113984
35,1976,Oklahoma,0.01977066490177208,-0.01977066490177208
36,1976,Oregon,0.038751920667854135,-0.038751920667854135
37,1976,Pennsylvania,0.017140874191039268,-0.017140874191039268
38,1976,Rhode Island,0.03158024653265246,-0.03158024653265246
39,1976,South Carolina,0.009159636459666198,-0.009159636459666198
40,1976,South Dakota,0.0016212160400030174,-0.0016212160400030174
41,1976,Tennessee,-0.053844599065811294,0.053844599065811294
42,1976,Texas,0.03886735620528088,-0.03886735620528088
43,1976,Utah,-0.011978905211361617,0.011978905211361617
44,1976,Vermont,-0.05075232389703959,0.05075232389703959
45,1976,Virginia,-0.026829623491423937,0.026829623491423937
46,1976,Washington,0.04821584825321466,-0.04821584825321466
47,1976,West Virginia,0.029506161033059766,-0.029506161033059766
48,1976,Wisconsin,0.012294022895437278,-0.012294022895437278
49,1976,Wyoming,0.1855525851397266,-0.1855525851397266
50,1978,Alabama,-0.17178913462647932,0.17178913462647932
51,1978,Alaska,-0.13006594893185278,0.13006594893185278
52,1978,Arizona,-0.020570145410965468,0.020570145410965468
53,1978,Arkansas,-0.08379509650139808,0.08379509650139808
54,1978,California,0.0037483495731431143,-0.0037483495731431143
55,1978,Colorado,0.051482283478342585,-0.051482283478342585
56,1978,Connecticut,0.05809907901149075,-0.05809907901149075
57,1978,Delaware,-0.10991372927323577,0.10991372927323577
58,1978,Florida,0.0414650835699861,-0.0414650835699861
59,1978,Georgia,-0.09618412092089025,0.09618412092089025
60,1978,Hawaii,-0.04108934243574383,0.04108934243574383
61,1978,Idaho,-0.16366292418405584,0.16366292418405584
62,1978,Illinois,-0.010565756016172231,0.010565756016172231
63,1978,Indiana,0.018878142904493585,-0.018878142904493585
64,1978,Iowa,0.002727128746855605,-0.002727128746855605
65,1978,Kansas,0.01073131579445324,-0.01073131579445324
66,1978,Kentucky,-0.06750042227352064,0.06750042227352064
67,1978,Louisiana,0.24896775105325678,-0.24896775105325678
68,1978,Maine,-0.06501198968853465,0.06501198968853465
69,1978,Maryland,-0.04029227200933449,0.04029227200933449
70,1978,Massachusetts,-0.031605887599995657,0.031605887599995657
71,1978,Michigan,0.0005578270251155163,-0.0005578270251155163
72,1978,Minnesota,-0.025661634069740216,0.025661634069740216
73,1978,Mississippi,0.01045920303072033,-0.01045920303072033
74,1978,Missouri,0.011275763447083484,-0.011275763447083484
75,1978,Montana,0.008460235393764006,-0.008460235393764006
76,1978,Nebraska,0.027468185052229876,-0.027468185052229876
77,1978,Nevada,0.006184175288439992,-0.006184175288439992
78,1978,New Hampshire,0.02535080131578341,-0.02535080131578341
79,1978,New Jersey,0.007292604006039643,-0.007292604006039643
80,1978,New Mexico,-0.2005969808737975,0.2005969808737975
81,1978,New York,-0.0026792840550626572,0.0026792840550626572
82,1978,North Carolina,0.06743112968491496,-0.06743112968491496
83,1978,North Dakota,-0.03456430367566292,0.03456430367566292
84,1978,Ohio,-0.011441474288475428,0.011441474288475428
85,1978,Oklahoma,0.11231343758619958,-0.11231343758619958
86,1978,Oregon,0.041017883762980906,-0.041017883762980906
87,1978,Pennsylvania,0.028690052846664225,-0.028690052846664225
88,1978,Rhode Island,0.18416222116815356,-0.18416222116815356
89,1978,South Carolina,-0.1084782289850084,0.1084782289850084
90,1978,South Dakota,0.03246380952008234,-0.03246380952008234
91,1978,Tennessee,-0.015639639222261213,0.015639639222261213
92,1978,Texas,0.04456888768224197,-0.04456888768224197
93,1978,Utah,0.022282314701549125,-0.022282314701549125
94,1978,Vermont,0.014958257954224827,-0.014958257954224827
95,1978,Virginia,0.006642815735547886,-0.006642815735547886
96,1978,Washington,0.11572233398719327,-0.11572233398719327
97,1978,West Virginia,0.10103475121221595,-0.10103475121221595
98,1978,Wisconsin,0.01928543936485242,-0.01928543936485242
99,1978,Wyoming,-0.16368635847175309,0.16368635847175309
100,1980,Alabama,-0.06973005199716716,0.06973005199716716
101,1980,Alaska,-0.006771527247797798,0.006771527247797798
102,1980,Arizona,0.020737557505162475,-0.020737557505162475
103,1980,Arkansas,0.02651710503696063,-0.02651710503696063
104,1980,California,0.002260084776719204,-0.002260084776719204
105,1980,Colorado,0.04704110902704117,-0.04704110902704117
106,1980,Connecticut,0.0428846856865772,-0.0428846856865772
107,1980,Delaware,-0.08568471276309207,0.08568471276309207
108,1980,Florida,0.017238567472132475,-0.017238567472132475
109,1980,Georgia,-0.01994728226514678,0.01994728226514678
110,1980,Hawaii,-0.11637461767667247,0.11637461767667247
111,1980,Idaho,-0.18859099691160244,0.18859099691160244
112,1980,Illinois,-0.027647665933842082,0.027647665933842082
113,1980,Indiana,0.01803221683395361,-0.01803221683395361
114,1980,Iowa,-0.007813632918449623,0.007813632918449623
115,1980,Kansas,-0.07066622997667779,0.07066622997667779
116,1980,Kentucky,-0.07051749426739108,0.07051749426739108
117,1980,Louisiana,-0.0471118396358748,0.0471118396358748
118,1980,Maine,-0.012502786231241271,0.012502786231241271
119,1980,Maryland,0.07279389072497215,-0.07279389072497215
120,1980,Massachusetts,-0.0019460340516976853,0.0019460340516976853
121,1980,Michigan,0.006948814320421524,-0.006948814320421524
122,1980,Minnesota,-0.03909809669772729,0.03909809669772729
123,1980,Mississippi,-0.04704949215726364,0.04704949215726364
124,1980,Missouri,-0.006867846501216735,0.006867846501216735
125,1980,Montana,0.0007953246431008356,-0.0007953246431008356
126,1980,Nebraska,-0.013812797853411024,0.013812797853411024
127,1980,Nevada,0.022694245198683214,-0.022694245198683214
128,1980,New Hampshire,0.013670486516160022,-0.013670486516160022
129,1980,New Jersey,0.002529598678860169,-0.002529598678860169
130,1980,New Mexico,-0.1969315089189283,0.1969315089189283
131,1980,New York,-0.0022316174235577735,0.0022316174235577735
132,1980,North Carolina,-0.006779563681528917,0.006779563681528917
133,1980,North Dakota,0.08940257817084989,-0.08940257817084989
134,1980,Ohio,-0.003659341274198595,0.003659341274198595
135,1980,Oklahoma,0.13188397757876139,-0.13188397757876139
136,1980,Oregon,0.012318604524900916,-0.012318604524900916
137,1980,Pennsylvania,0.00011665753740205956,-0.00011665753740205956
138,1980,Rhode Island,-0.07182439405421763,0.07182439405421763
139,1980,South Carolina,-0.09049559915305291,0.09049559915305291
140,1980,South Dakota,-0.03113820527506784,0.03113820527506784
141,1980,Tennessee,0.03620416383473245,-0.03620416383473245
142,1980,Texas,0.005866075641360593,-0.005866075641360593
143,1980,Utah,-0.0858524573826001,0.0858524573826001
144,1980,Vermont,0.07309627266984083,-0.07309627266984083
145,1980,Virginia,-0.029888576016872417,0.029888576016872417
146,1980,Washington,0.08683663605865263,-0.08683663605865263
147,1980,West Virginia,-0.08495666577237575,0.08495666577237575
148,1980,Wisconsin,0.004867003920378331,-0.004867003920378331
149,1980,Wyoming,-0.06430650740428641,0.06430650740428641
150,1982,Alabama,-0.08853493180068701,0.08853493180068701
151,1982,Alaska,-0.026282461914544263,0.026282461914544263
152,1982,Arizona,0.004369406815816687,-0.004369406815816687
153,1982,Arkansas,-0.025526251320402826,0.025526251320402826
154,1982,California,0.019534751872663972,-0.019534751872663972
155,1982,Colorado,0.02117304276794282,-0.02117304276794282
156,1982,Connecticut,0.0249264645425153,-0.0249264645425153
157,1982,Delaware,0.0878966734728603,-0.0878966734728603
158,1982,Florida,-0.0266152926089163,0.0266152926089163
159,1982,Georgia,-0.04136647765150624,0.04136647765150624
160,1982,Hawaii,-0.15849620481879118,0.15849620481879118
161,1982,Idaho,-0.2201755587801187,0.2201755587801187
162,1982,Illinois,-0.03445551962744163,0.03445551962744163
163,1982,Indiana,0.005242853346307065,-0.005242853346307065
164,1982,Iowa,-0.018479061550747883,0.018479061550747883
165,1982,Kansas,-0.012953751804671213,0.012953751804671213
166,1982,Kentucky,-0.048938660183754354,0.048938660183754354
167,1982,Louisiana,-0.75,0.75
168,1982,Maine,-0.09481091855586055,0.09481091855586055
169,1982,Maryland,0.012817311102577897,-0.012817311102577897
170,1982,Massachusetts,-0.015730158909523846,0.015730158909523846
171,1982,Michigan,-0.01861345842346592,0.01861345842346592
172,1982,Minnesota,0.005238562847507461,-0.005238562847507461
173,1982,Mississippi,-0.026337991585948267,0.026337991585948267
174,1982,Missouri,0.007406434707168593,-0.007406434707168593
175,1982,Montana,-0.014952870473043342,0.014952870473043342
176,1982,Nebraska,0.019151492657481266,-0.019151492657481266
177,1982,Nevada,-0.013054957621418001,0.013054957621418001
178,1982,New Hampshire,0.04678083676566226,-0.04678083676566226
179,1982,New Jersey,-0.006039622246693759,0.006039622246693759
180,1982,New Mexico,-0.08361153180147757,0.08361153180147757
181,1982,New York,-0.02593287247683653,0.02593287247683653
182,1982,North Carolina,0.07646511294797567,-0.07646511294797567
183,1982,North Dakota,0.020416585092457168,-0.020416585092457168
184,1982,Ohio,-0.05128472742583513,0.05128472742583513
185,1982,Oklahoma,0.024410238500329185,-0.024410238500329185
186,1982,Oregon,-0.009550441491968275,0.009550441491968275
187,1982,Pennsylvania,0.009736252680872892,-0.009736252680872892
188,1982,Rhode Island,-0.02776544322712176,0.02776544322712176
189,1982,South Carolina,-0.05553609018777953,0.05553609018777953
190,1982,South Dakota,0.23441331824184117,-0.23441331824184117
191,1982,Tennessee,-0.00460059928987038,0.00460059928987038
192,1982,Texas,-0.00422006570908285,0.00422006570908285
193,1982,Utah,-0.07945097630761501,0.07945097630761501
194,1982,Vermont,-0.00569822899787556,0.00569822899787556
195,1982,Virginia,-0.018630647467818263,0.018630647467818263
196,1982,Washington,0.027502237458065914,-0.027502237458065914
197,1982,West Virginia,0.10680832827571958,-0.10680832827571958
198,1982,Wisconsin,-0.002011793673905286,0.002011793673905286
199,1982,Wyoming,-0.03905931176503827,0.03905931176503827
200,1984,Alabama,-0.11949605248700608,0.11949605248700608
201,1984,Alaska,-0.09165931979247906,0.09165931979247906
202,1984,Arizona,-0.027373257090132684,0.027373257090132684
203,1984,Arkansas,-0.016474302793713532,0.016474302793713532
204,1984,California,0.02256420108461661,-0.02256420108461661
205,1984,Colorado,0.03685789314998015,-0.03685789314998015
206,1984,Connecticut,0.022449598197832026,-0.022449598197832026
207,1984,Delaware,0.10985100995553068,-0.10985100995553068
208,1984,Florida,0.05519269186075504,-0.05519269186075504
209,1984,Georgia,-0.072398623854222,0.072398623854222
210,1984,Hawaii,-0.05908434504328643,0.05908434504328643
211,1984,Idaho,0.09285008948960069,-0.09285008948960069
212,1984,Illinois,0.016017384987889776,-0.016017384987889776
213,1984,Indiana,0.015485198901353203,-0.015485198901353203
214,1984,Iowa,-0.04914717548683281,0.04914717548683281
215,1984,Kansas,-0.005151953193296201,0.005151953193296201
216,1984,Kentucky,-0.02938493923954344,0.02938493923954344
217,1984,Louisiana,-0.75,0.75
218,1984,Maine,-0.030949426289683647,0.030949426289683647
219,1984,Maryland,-0.01430759624007395,0.01430759624007395
220,1984,Massachusetts,0.005147994689114569,-0.005147994689114569
221,1984,Michigan,-0.005560209016964425,0.005560209016964425
222,1984,Minnesota,0.010197284088368598,-0.010197284088368598
223,1984,Mississippi,-0.06401770138503464,0.06401770138503464
224,1984,Missouri,0.0270727470334401,-0.0270727470334401
225,1984,Montana,-0.0007266524793874518,0.0007266524793874518
226,1984,Nebraska,-0.005396160257780936,0.005396160257780936
227,1984,Nevada,0.05050057151866304,-0.05050057151866304
228,1984,New Hampshire,-0.041977135253674636,0.041977135253674636
229,1984,New Jersey,0.008125677272751822,-0.008125677272751822
230,1984,New Mexico,0.006280947667954283,-0.006280947667954283
231,1984,New York,-0.004847292847891995,0.004847292847891995
232,1984,North Carolina,-0.021082335664270667,0.021082335664270667
233,1984,North Dakota,-0.0369960385969572,0.0369960385969572
234,1984,Ohio,0.011822923924643954,-0.011822923924643954
235,1984,Oklahoma,0.06780844154680706,-0.06780844154680706
236,1984,Oregon,0.006263306774486335,-0.006263306774486335
237,1984,Pennsylvania,0.015931448975418455,-0.015931448975418455
238,1984,Rhode Island,-0.0059392446169774914,0.0059392446169774914
239,1984,South Carolina,-0.027249515961790805,0.027249515961790805
240,1984,South Dakota,0.17634762919720956,-0.17634762919720956
241,1984,Tennessee,0.03699275204631404,-0.03699275204631404
242,1984,Texas,-0.05767557554908706,0.05767557554908706
243,1984,Utah,-0.054397193513451486,0.054397193513451486
244,1984,Vermont,-0.018767740329449056,0.018767740329449056
245,1984,Virginia,-0.014239128479156546,0.014239128479156546
246,1984,Washington,0.002550447157831986,-0.002550447157831986
247,1984,West Virginia,0.14064467629892854,-0.14064467629892854
248,1984,Wisconsin,0.013730770037806721,-0.013730770037806721
249,1984,Wyoming,-0.002792205949137148,0.002792205949137148
250,1986,Alabama,0.019796556346954555,-0.019796556346954555
251,1986,Alaska,-0.08652171380708576,0.08652171380708576
252,1986,Arizona,-0.010635180556752563,0.010635180556752563
253,1986,Arkansas,0.019743268135437118,-0.019743268135437118
254,1986,California,0.0008074634197964546,-0.0008074634197964546
255,1986,Colorado,0.05632497286127503,-0.05632497286127503
256,1986,Connecticut,-0.04388699381503615,0.04388699381503615
257,1986,Delaware,0.05763046088195226,-0.05763046088195226
258,1986,Florida,0.022238229699571135,-0.022238229699571135
259,1986,Georgia,-0.08674318793861473,0.08674318793861473
260,1986,Hawaii,-0.054968457751100055,0.054968457751100055
261,1986,Idaho,0.049804814991578364,-0.049804814991578364
262,1986,Illinois,0.016503655322182252,-0.016503655322182252
263,1986,Indiana,0.024881806793867957,-0.024881806793867957
264,1986,Iowa,-0.03802872842885433,0.03802872842885433
265,1986,Kansas,0.06632256867061442,-0.06632256867061442
266,1986,Kentucky,-0.045404848429655406,0.045404848429655406
267,1986,Louisiana,-0.2430748436544039,0.2430748436544039
268,1986,Maine,0.06825810190994985,-0.06825810190994985
269,1986,Maryland,-0.03502052908027538,0.03502052908027538
270,1986,Massachusetts,-0.04479096002999517,0.04479096002999517
271,1986,Michigan,-0.023444322456588184,0.023444322456588184
272,1986,Minnesota,-0.03269502099434511,0.03269502099434511
273,1986,Mississippi,0.06503381611523862,-0.06503381611523862
274,1986,Missouri,-0.06910505725532887,0.06910505725532887
275,1986,Montana,-0.04012118466504332,0.04012118466504332
276,1986,Nebraska,-0.06966316611964993,0.06966316611964993
277,1986,Nevada,-0.0027664903979961034,0.0027664903979961034
278,1986,New Hampshire,-0.06733001865028432,0.06733001865028432
279,1986,New Jersey,-0.007350816577065176,0.007350816577065176
280,1986,New Mexico,-0.033952691052370455,0.033952691052370455
281,1986,New York,-0.01749141664641003,0.01749141664641003
282,1986,North Carolina,0.041821329661908865,-0.041821329661908865
283,1986,North Dakota,-0.00708837213633607,0.00708837213633607
284,1986,Ohio,0.009798334278439246,-0.009798334278439246
285,1986,Oklahoma,-0.04700097612875866,0.04700097612875866
286,1986,Oregon,-0.006285076868590514,0.006285076868590514
287,1986,Pennsylvania,-0.0037624473161802525,0.0037624473161802525
288,1986,Rhode Island,0.0670337921174627,-0.0670337921174627
289,1986,South Carolina,-0.039176952622964625,0.039176952622964625
290,1986,South Dakota,0.15818471436510045,-0.15818471436510045
291,1986,Tennessee,0.0023191320835841195,-0.0023191320835841195
292,1986,Texas,-0.04661574081125954,0.04661574081125954
293,1986,Utah,-0.03314201022706097,0.03314201022706097
294,1986,Vermont,0.07824867428051271,-0.07824867428051271
295,1986,Virginia,-0.0468859903598308,0.0468859903598308
296,1986,Washington,-0.038012922099787155,0.038012922099787155
297,1986,West Virginia,-0.005972108285479901,0.005972108285479901
298,1986,Wisconsin,0.002670152903623219,-0.002670152903623219
299,1986,Wyoming,-0.05527827670586468,0.05527827670586468
300,1988,Alabama,-0.005327480794623604,0.005327480794623604
301,1988,Alaska,-0.08251060264483083,0.08251060264483083
302,1988,Arizona,0.007229434565926291,-0.007229434565926291
303,1988,Arkansas,-0.011421052761872226,0.011421052761872226
304,1988,California,-0.014408606115699656,0.014408606115699656
305,1988,Colorado,0.0025705022444265104,-0.0025705022444265104
306,1988,Connecticut,0.006901229513575352,-0.006901229513575352
307,1988,Delaware,0.07483146211148872,-0.07483146211148872
308,1988,Florida,0.0014658464184152187,-0.0014658464184152187
309,1988,Georgia,0.02718216227640402,-0.02718216227640402
310,1988,Hawaii,-0.1534465772357344,0.1534465772357344
311,1988,Idaho,0.003276115241361471,-0.003276115241361471
312,1988,Illinois,0.017522144829555525,-0.017522144829555525
313,1988,Indiana,0.01967939930885423,-0.01967939930885423
314,1988,Iowa,-0.038586190261701125,0.038586190261701125
315,1988,Kansas,0.06467592292220853,-0.06467592292220853
316,1988,Kentucky,0.03810269753610875,-0.03810269753610875
317,1988,Louisiana,-0.1824289519233821,0.1824289519233821
318,1988,Maine,0.01606161528055113,-0.01606161528055113
319,1988,Maryland,-0.009526621349670708,0.009526621349670708
320,1988,Massachusetts,-0.048385523512020294,0.048385523512020294
321,1988,Michigan,-0.0018628345157505515,0.0018628345157505515
322,1988,Minnesota,0.06437028375033639,-0.06437028375033639
323,1988,Mississippi,-0.010096420875902108,0.010096420875902108
324,1988,Missouri,-0.028296479292633066,0.028296479292633066
325,1988,Montana,-0.01971772945947204,0.01971772945947204
326,1988,Nebraska,0.04588451845102228,-0.04588451845102228
327,1988,Nevada,-0.029412049560347073,0.029412049560347073
328,1988,New Hampshire,-0.0930192311924513,0.0930192311924513
329,1988,New Jersey,0.010339659202182829,-0.010339659202182829
330,1988,New Mexico,-0.02716102762926821,0.02716102762926821
331,1988,New York,-0.014727174643345867,0.014727174643345867
332,1988,North Carolina,0.04768929007893055,-0.04768929007893055
333,1988,North Dakota,0.024314792220866584,-0.024314792220866584
334,1988,Ohio,0.010841397721865712,-0.010841397721865712
335,1988,Oklahoma,-0.03254512489507354,0.03254512489507354
336,1988,Oregon,-0.07554768852534749,0.07554768852534749
337,1988,Pennsylvania,-0.0402239222742059,0.0402239222742059
338,1988,Rhode Island,-0.10874975063555962,0.10874975063555962
339,1988,South Carolina,0.019860274640895178,-0.019860274640895178
340,1988,South Dakota,0.03262897703227792,-0.03262897703227792
341,1988,Tennessee,-0.027854111149176096,0.027854111149176096
342,1988,Texas,-0.025553899085968605,0.025553899085968605
343,1988,Utah,-0.015576189112320409,0.015576189112320409
344,1988,Vermont,-0.039536455399047064,0.039536455399047064
345,1988,Virginia,0.03207178028733563,-0.03207178028733563
346,1988,Washington,-0.028440021184758534,0.028440021184758534
347,1988,West Virginia,-0.019991617605776196,0.019991617605776196
348,1988,Wisconsin,0.006280025453287226,-0.006280025453287226
349,1988,Wyoming,-0.03799795666784876,0.03799795666784876
350,1990,Alabama,-0.042598677538436575,0.042598677538436575
351,1990,Alaska,-0.15392275033438213,0.15392275033438213
352,1990,Arizona,-0.04092691466043651,0.04092691466043651
353,1990,Arkansas,0.05639134769069769,-0.05639134769069769
354,1990,California,-0.009839002527851418,0.009839002527851418
355,1990,Colorado,-0.015486333689646473,0.015486333689646473
356,1990,Connecticut,0.023838611921196125,-0.023838611921196125
357,1990,Delaware,0.04294459943077747,-0.04294459943077747
358,1990,Florida,0.016049732828398194,-0.016049732828398194
359,1990,Georgia,0.08048493558995128,-0.08048493558995128
360,1990,Hawaii,0.07070157585994875,-0.07070157585994875
361,1990,Idaho,0.16794589713588035,-0.16794589713588035
362,1990,Illinois,0.03416173404807052,-0.03416173404807052
363,1990,Indiana,0.08964865345355506,-0.08964865345355506
364,1990,Iowa,-0.08087837499994369,0.08087837499994369
365,1990,Kansas,-0.03454042135831334,0.03454042135831334
366,1990,Kentucky,0.09930276002548537,-0.09930276002548537
367,1990,Louisiana,-0.24998937240509558,0.24998937240509558
368,1990,Maine,-0.020426728308922535,0.020426728308922535
369,1990,Maryland,0.003491777427348502,-0.003491777427348502
370,1990,Massachusetts,0.023353142114855525,-0.023353142114855525
371,1990,Michigan,-0.014715327313129047,0.014715327313129047
372,1990,Minnesota,0.09131451682035145,-0.09131451682035145
373,1990,Mississippi,-0.06661995051189082,0.06661995051189082
374,1990,Missouri,0.04374656205454578,-0.04374656205454578
375,1990,Montana,0.013651656722342281,-0.013651656722342281
376,1990,Nebraska,-0.038386286399907286,0.038386286399907286
377,1990,Nevada,-0.01280314912003305,0.01280314912003305
378,1990,New Hampshire,0.005521893168083698,-0.005521893168083698
379,1990,New Jersey,0.007765143496018227,-0.007765143496018227
380,1990,New Mexico,0.044800005015744736,-0.044800005015744736
381,1990,New York,-0.005836898639381073,0.005836898639381073
382,1990,North Carolina,0.022359120092831142,-0.022359120092831142
383,1990,North Dakota,0.06539262070527697,-0.06539262070527697
384,1990,Ohio,-0.02336575395707453,0.02336575395707453
385,1990,Oklahoma,-0.030919455965595696,0.030919455965595696
386,1990,Oregon,0.0041390390284825555,-0.0041390390284825555
387,1990,Pennsylvania,-0.030996489107660796,0.030996489107660796
388,1990,Rhode Island,-0.009650007928156488,0.009650007928156488
389,1990,South Carolina,0.0009302542365910967,-0.0009302542365910967
390,1990,South Dakota,0.07446229663658481,-0.07446229663658481
391,1990,Tennessee,0.01667170955328859,-0.01667170955328859
392,1990,Texas,0.035999658457299986,-0.035999658457299986
393,1990,Utah,0.012225606234310819,-0.012225606234310819
394,1990,Vermont,0.07302435956084172,-0.07302435956084172
395,1990,Virginia,-0.060472116952296,0.060472116952296
396,1990,Washington,0.014136604652122037,-0.014136604652122037
397,1990,West Virginia,0.08801645963516355,-0.08801645963516355
398,1990,Wisconsin,-0.017944364038977274,0.017944364038977274
399,1990,Wyoming,-0.19906203536743539,0.19906203536743539
400,1992,Alabama,-0.022353763654255475,0.022353763654255475
401,1992,Alaska,-0.09207748540457351,0.09207748540457351
402,1992,Arizona,0.017147016338944398,-0.017147016338944398
403,1992,Arkansas,-0.08324033514496733,0.08324033514496733
404,1992,California,-0.012751322762380722,0.012751322762380722
405,1992,Colorado,-0.041256374669963895,0.041256374669963895
406,1992,Connecticut,-0.004092454564484757,0.004092454564484757
407,1992,Delaware,-0.12367631933479162,0.12367631933479162
408,1992,Florida,-0.008375766602144265,0.008375766602144265
409,1992,Georgia,-0.004588181115627334,0.004588181115627334
410,1992,Hawaii,6.74234836458528e-05,-6.74234836458528e-05
411,1992,Idaho,0.00782361947945107,-0.00782361947945107
412,1992,Illinois,-0.012402091211012023,0.012402091211012023
413,1992,Indiana,0.03684621397923895,-0.03684621397923895
414,1992,Iowa,-0.02778743158683526,0.02778743158683526
415,1992,Kansas,0.025986671526314696,-0.025986671526314696
416,1992,Kentucky,0.046336520274435994,-0.046336520274435994
417,1992,Louisiana,-0.024280966250287087,0.024280966250287087
418,1992,Maine,-0.02668095006585707,0.02668095006585707
419,1992,Maryland,-0.052798933749458245,0.052798933749458245
420,1992,Massachusetts,0.007739760199142444,-0.007739760199142444
421,1992,Michigan,0.023713607074994748,-0.023713607074994748
422,1992,Minnesota,0.0,0.0
423,1992,Mississippi,0.03438840629116971,-0.03438840629116971
424,1992,Missouri,0.020481052211432958,-0.020481052211432958
425,1992,Montana,0.15499069108862662,-0.15499069108862662
426,1992,Nebraska,0.010351910077584812,-0.010351910077584812
427,1992,Nevada,-0.027852223035955036,0.027852223035955036
428,1992,New Hampshire,-0.01702681057632451,0.01702681057632451
429,1992,New Jersey,0.003958025417858122,-0.003958025417858122
430,1992,New Mexico,-0.05420946566570854,0.05420946566570854
431,1992,New York,-0.002689371299847325,0.002689371299847325
432,1992,North Carolina,0.0347920760962509,-0.0347920760962509
433,1992,North Dakota,0.10866918654483526,-0.10866918654483526
434,1992,Ohio,0.00897702734607352,-0.00897702734607352
435,1992,Oklahoma,-0.0285420294729837,0.0285420294729837
436,1992,Oregon,0.03358763263030147,-0.03358763263030147
437,1992,Pennsylvania,-0.008168116236017393,0.008168116236017393
438,1992,Rhode Island,-0.0008782891930278894,0.0008782891930278894
439,1992,South Carolina,0.021550373004757716,-0.021550373004757716
440,1992,South Dakota,0.015473022090585218,-0.015473022090585218
441,1992,Tennessee,0.0148301297463136,-0.0148301297463136
442,1992,Texas,0.05228767092088437,-0.05228767092088437
443,1992,Utah,0.04774416207424637,-0.04774416207424637
444,1992,Vermont,0.038306504198054266,-0.038306504198054266
445,1992,Virginia,0.030875950356120042,-0.030875950356120042
446,1992,Washington,0.0761122980276035,-0.0761122980276035
447,1992,West Virginia,-0.036700655468295214,0.036700655468295214
448,1992,Wisconsin,-0.013778589014966399,0.013778589014966399
449,1992,Wyoming,-0.10495895459876026,0.10495895459876026
450,1994,Alabama,0.013210982708267741,-0.013210982708267741
451,1994,Alaska,-0.06453371110257396,0.06453371110257396
452,1994,Arizona,-0.06667638357568448,0.06667638357568448
453,1994,Arkansas,0.021685105470711355,-0.021685105470711355
454,1994,California,-0.006971022915738949,0.006971022915738949
455,1994,Colorado,0.055102781336296314,-0.055102781336296314
456,1994,Connecticut,0.02555437734208533,-0.02555437734208533
457,1994,Delaware,-0.01455196709878569,0.01455196709878569
458,1994,Florida,0.041853057991520455,-0.041853057991520455
459,1994,Georgia,-0.04706703707474583,0.04706703707474583
460,1994,Hawaii,0.06245137254522151,-0.06245137254522151
461,1994,Idaho,-0.10046287934100431,0.10046287934100431
462,1994,Illinois,0.008079647734693685,-0.008079647734693685
463,1994,Indiana,-0.008330678177944209,0.008330678177944209
464,1994,Iowa,-0.07755884857586723,0.07755884857586723
465,1994,Kansas,-0.11489902079285927,0.11489902079285927
466,1994,Kentucky,0.007523040663007487,-0.007523040663007487
467,1994,Louisiana,-0.21428571428571427,0.21428571428571427
468,1994,Maine,-0.006718812019658141,0.006718812019658141
469,1994,Maryland,-0.022066726523698583,0.022066726523698583
470,1994,Massachusetts,-0.03793391747405433,0.03793391747405433
471,1994,Michigan,0.01922584094005406,-0.01922584094005406
472,1994,Minnesota,0.10960617171491145,-0.10960617171491145
473,1994,Mississippi,0.06168847315571223,-0.06168847315571223
474,1994,Missouri,0.04485843287036988,-0.04485843287036988
475,1994,Montana,0.1452183313312489,-0.1452183313312489
476,1994,Nebraska,-0.07185615278729234,0.07185615278729234
477,1994,Nevada,-0.08119889456593521,0.08119889456593521
478,1994,New Hampshire,-0.06588809601833981,0.06588809601833981
479,1994,New Jersey,-0.01870264662857645,0.01870264662857645
480,1994,New Mexico,0.001845398773006135,-0.001845398773006135
481,1994,New York,-0.0034265409644170797,0.0034265409644170797
482,1994,North Carolina,-0.04091044924163978,0.04091044924163978
483,1994,North Dakota,0.14238487496583668,-0.14238487496583668
484,1994,Ohio,-0.00021487511295079952,0.00021487511295079952
485,1994,Oklahoma,-0.06730569435866277,0.06730569435866277
486,1994,Oregon,-0.005883755880163417,0.005883755880163417
487,1994,Pennsylvania,0.012132657549123427,-0.012132657549123427
488,1994,Rhode Island,0.1372854686055898,-0.1372854686055898
489,1994,South Carolina,0.03536323814575692,-0.03536323814575692
490,1994,South Dakota,0.0893234223102621,-0.0893234223102621
491,1994,Tennessee,0.019975270898058395,-0.019975270898058395
492,1994,Texas,0.08275723911089801,-0.08275723911089801
493,1994,Utah,-0.04502828360469155,0.04502828360469155
494,1994,Vermont,0.0776570236794688,-0.0776570236794688
495,1994,Virginia,0.060977902382967526,-0.060977902382967526
496,1994,Washington,-0.12289223069167804,0.12289223069167804
497,1994,West Virginia,0.08859736720417942,-0.08859736720417942
498,1994,Wisconsin,0.020781548011905262,-0.020781548011905262
499,1994,Wyoming,-0.12690221223226314,0.12690221223226314
500,1996,Alabama,-0.03173206129957237,0.03173206129957237
501,1996,Alaska,-0.05402567394094994,0.05402567394094994
502,1996,Arizona,-0.07537065039562221,0.07537065039562221
503,1996,Arkansas,0.01972708664998863,-0.01972708664998863
504,1996,California,-0.007527664489355127,0.007527664489355127
505,1996,Colorado,-0.009905610116797438,0.009905610116797438
506,1996,Connecticut,0.014944325370029984,-0.014944325370029984
507,1996,Delaware,-0.01581188092837789,0.01581188092837789
508,1996,Florida,-0.008582714692704635,0.008582714692704635
509,1996,Georgia,-0.10037409802017322,0.10037409802017322
510,1996,Hawaii,0.07307457962562412,-0.07307457962562412
511,1996,Idaho,-0.10157697503100377,0.10157697503100377
512,1996,Illinois,-0.05015758758113045,0.05015758758113045
513,1996,Indiana,-0.014203270045656049,0.014203270045656049
514,1996,Iowa,-0.039612293739966616,0.039612293739966616
515,1996,Kansas,-0.10457783623447049,0.10457783623447049
516,1996,Kentucky,-0.068466766975103,0.068466766975103
517,1996,Louisiana,-0.2093472557931035,0.2093472557931035
518,1996,Maine,0.06327180921576414,-0.06327180921576414
519,1996,Maryland,-0.05399994407967916,0.05399994407967916
520,1996,Massachusetts,0.043666339101138624,-0.043666339101138624
521,1996,Michigan,0.006650065679628967,-0.006650065679628967
522,1996,Minnesota,0.02718973883820643,-0.02718973883820643
523,1996,Mississippi,-0.00304238476169053,0.00304238476169053
524,1996,Missouri,-0.013487851098158074,0.013487851098158074
525,1996,Montana,-0.13579163225575672,0.13579163225575672
526,1996,Nebraska,-0.04811735077952646,0.04811735077952646
527,1996,Nevada,-0.06622341785519749,0.06622341785519749
528,1996,New Hampshire,-0.12810946216016006,0.12810946216016006
529,1996,New Jersey,-0.01718371908185444,0.01718371908185444
530,1996,New Mexico,-0.059400696705366525,0.059400696705366525
531,1996,New York,-0.005340844695533716,0.005340844695533716
532,1996,North Carolina,0.015267317619139199,-0.015267317619139199
533,1996,North Dakota,0.12718781288417425,-0.12718781288417425
534,1996,Ohio,-0.01665315356076373,0.01665315356076373
535,1996,Oklahoma,-0.09414982500450106,0.09414982500450106
536,1996,Oregon,0.0325836787381181,-0.0325836787381181
537,1996,Pennsylvania,-0.011610280350860903,0.011610280350860903
538,1996,Rhode Island,0.026084454735741905,-0.026084454735741905
539,1996,South Carolina,0.05687186336806749,-0.05687186336806749
540,1996,South Dakota,-0.07329333267327345,0.07329333267327345
541,1996,Tennessee,-0.005360259710930882,0.005360259710930882
542,1996,Texas,0.02073433539491027,-0.02073433539491027
543,1996,Utah,-0.07290198321454605,0.07290198321454605
544,1996,Vermont,0.029048687506379903,-0.029048687506379903
545,1996,Virginia,0.01416613546953862,-0.01416613546953862
546,1996,Washington,-0.09292572013709458,0.09292572013709458
547,1996,West Virginia,-0.18317047971290867,0.18317047971290867
548,1996,Wisconsin,0.024929023277328308,-0.024929023277328308
549,1996,Wyoming,-0.11859769600396222,0.11859769600396222
550,1998,Alabama,-0.04561302313846531,0.04561302313846531
551,1998,Alaska,-0.055088446036721896,0.055088446036721896
552,1998,Arizona,-0.07590020974820527,0.07590020974820527
553,1998,Arkansas,0.058776414240393975,-0.058776414240393975
554,1998,California,-0.02247490168803645,0.02247490168803645
555,1998,Colorado,-0.014384964161508139,0.014384964161508139
556,1998,Connecticut,0.031846438559864215,-0.031846438559864215
557,1998,Delaware,-0.030907499626098855,0.030907499626098855
558,1998,Florida,-0.012857366115119992,0.012857366115119992
559,1998,Georgia,0.023602487084995037,-0.023602487084995037
560,1998,Hawaii,0.04788958724375716,-0.04788958724375716
561,1998,Idaho,-0.13950864186810522,0.13950864186810522
562,1998,Illinois,0.0003609027287042631,-0.0003609027287042631
563,1998,Indiana,-0.01778295737434809,0.01778295737434809
564,1998,Iowa,-0.012727356457545495,0.012727356457545495
565,1998,Kansas,0.0070258885291628465,-0.0070258885291628465
566,1998,Kentucky,-0.06993817228782773,0.06993817228782773
567,1998,Louisiana,-0.20592567445106594,0.20592567445106594
568,1998,Maine,0.04903245251159222,-0.04903245251159222
569,1998,Maryland,-0.06581045854674376,0.06581045854674376
570,1998,Massachusetts,-0.004210437119709198,0.004210437119709198
571,1998,Michigan,0.025620577618228713,-0.025620577618228713
572,1998,Minnesota,0.06608953751566606,-0.06608953751566606
573,1998,Mississippi,0.023774759175048274,-0.023774759175048274
574,1998,Missouri,0.0018945996433112088,-0.0018945996433112088
575,1998,Montana,-0.10337738387156124,0.10337738387156124
576,1998,Nebraska,0.015978114897422294,-0.015978114897422294
577,1998,Nevada,0.09272255364833047,-0.09272255364833047
578,1998,New Hampshire,-0.11626362062058668,0.11626362062058668
579,1998,New Jersey,-0.005142918863072368,0.005142918863072368
580,1998,New Mexico,-0.034856518567318834,0.034856518567318834
581,1998,New York,-0.015990569309140872,0.015990569309140872
582,1998,North Carolina,0.010383073838100514,-0.010383073838100514
583,1998,North Dakota,0.11631468189846304,-0.11631468189846304
584,1998,Ohio,-0.023453061355308766,0.023453061355308766
585,1998,Oklahoma,-0.1029040514695535,0.1029040514695535
586,1998,Oregon,0.018223763804731348,-0.018223763804731348
587,1998,Pennsylvania,0.013260283269441215,-0.013260283269441215
588,1998,Rhode Island,0.01479910916946609,-0.01479910916946609
589,1998,South Carolina,0.012400630881434515,-0.012400630881434515
590,1998,South Dakota,0.0008314319965969295,-0.0008314319965969295
591,1998,Tennessee,0.00015737231998065674,-0.00015737231998065674
592,1998,Texas,0.0341557965928766,-0.0341557965928766
593,1998,Utah,-0.02777169141955116,0.02777169141955116
594,1998,Vermont,0.054803307721270095,-0.054803307721270095
595,1998,Virginia,0.005366295633347064,-0.005366295633347064
596,1998,Washington,-0.011891025009851843,0.011891025009851843
597,1998,West Virginia,-0.09359704879057883,0.09359704879057883
598,1998,Wisconsin,0.03888692405246837,-0.03888692405246837
599,1998,Wyoming,-0.1029747999165801,0.1029747999165801
600,2000,Alabama,0.010508804257774194,-0.010508804257774194
601,2000,Alaska,0.005038090135924264,-0.005038090135924264
602,2000,Arizona,-0.06518434292689564,0.06518434292689564
603,2000,Arkansas,0.16251321233146387,-0.16251321233146387
604,2000,California,-0.004646029678032566,0.004646029678032566
605,2000,Colorado,0.022559647520619393,-0.022559647520619393
606,2000,Connecticut,0.02550389998105909,-0.02550389998105909
607,2000,Delaware,-0.03293642175993051,0.03293642175993051
608,2000,Florida,-0.008617654002721764,0.008617654002721764
609,2000,Georgia,-0.007914837646387653,0.007914837646387653
610,2000,Hawaii,0.05848784652864271,-0.05848784652864271
611,2000,Idaho,-0.03212230930465167,0.03212230930465167
612,2000,Illinois,-0.09092284180263041,0.09092284180263041
613,2000,Indiana,-0.011941714003735575,0.011941714003735575
614,2000,Iowa,-0.03328805070650228,0.03328805070650228
615,2000,Kansas,0.04126937691903762,-0.04126937691903762
616,2000,Kentucky,-0.05078598374434154,0.05078598374434154
617,2000,Louisiana,-0.006797261798838652,0.006797261798838652
618,2000,Maine,0.06190296133652497,-0.06190296133652497
619,2000,Maryland,-0.04410377139260191,0.04410377139260191
620,2000,Massachusetts,-0.02460029818311623,0.02460029818311623
621,2000,Michigan,-0.012326673180118455,0.012326673180118455
622,2000,Minnesota,0.06182170332940196,-0.06182170332940196
623,2000,Mississippi,0.013179995308005071,-0.013179995308005071
624,2000,Missouri,-0.01919288109678556,0.01919288109678556
625,2000,Montana,-0.14925139842622748,0.14925139842622748
626,2000,Nebraska,-0.012110929903333621,0.012110929903333621
627,2000,Nevada,0.00961382206527392,-0.00961382206527392
628,2000,New Hampshire,-0.11012525477097809,0.11012525477097809
629,2000,New Jersey,-0.014077998461728547,0.014077998461728547
630,2000,New Mexico,-0.08540831182415372,0.08540831182415372
631,2000,New York,-0.008235315202364004,0.008235315202364004
632,2000,North Carolina,0.016274391124009756,-0.016274391124009756
633,2000,North Dakota,0.08325060036827255,-0.08325060036827255
634,2000,Ohio,-0.019541176133400652,0.019541176133400652
635,2000,Oklahoma,0.004546603963237542,-0.004546603963237542
636,2000,Oregon,0.04151900944034427,-0.04151900944034427
637,2000,Pennsylvania,-0.029540040865720985,0.029540040865720985
638,2000,Rhode Island,0.022143226523640463,-0.022143226523640463
639,2000,South Carolina,-0.006338229142478057,0.006338229142478057
640,2000,South Dakota,-0.004889953541470089,0.004889953541470089
641,2000,Tennessee,0.010135178896629198,-0.010135178896629198
642,2000,Texas,0.003500724095417816,-0.003500724095417816
643,2000,Utah,0.0005472129306731827,-0.0005472129306731827
644,2000,Vermont,0.01868305603757281,-0.01868305603757281
645,2000,Virginia,-0.02774556035598926,0.02774556035598926
646,2000,Washington,0.021829634994724085,-0.021829634994724085
647,2000,West Virginia,-0.17802348021291,0.17802348021291
648,2000,Wisconsin,0.029222643928185268,-0.029222643928185268
649,2000,Wyoming,-0.029373045329515055,0.029373045329515055
650,2002,Alabama,-0.018777865993530648,0.018777865993530648
651,2002,Alaska,0.014461741135141069,-0.014461741135141069
652,2002,Arizona,-0.05505412375700116,0.05505412375700116
653,2002,Arkansas,0.06736687026716026,-0.06736687026716026
654,2002,California,-0.002101925601565376,0.002101925601565376
655,2002,Colorado,-0.03315447820955739,0.03315447820955739
656,2002,Connecticut,-0.04764622334051558,0.04764622334051558
657,2002,Delaware,-0.015480542603416445,0.015480542603416445
658,2002,Florida,-0.042353290313442676,0.042353290313442676
659,2002,Georgia,-0.008603608405781152,0.008603608405781152
660,2002,Hawaii,0.051095018039188284,-0.051095018039188284
661,2002,Idaho,-0.06929606466793244,0.06929606466793244
662,2002,Illinois,-0.03951191996443934,0.03951191996443934
663,2002,Indiana,-0.017816769320706367,0.017816769320706367
664,2002,Iowa,-0.048185519042686996,0.048185519042686996
665,2002,Kansas,0.032217982177950154,-0.032217982177950154
666,2002,Kentucky,-0.012029534386649835,0.012029534386649835
667,2002,Louisiana,0.04248297353510478,-0.04248297353510478
668,2002,Maine,0.1654683884723013,-0.1654683884723013
669,2002,Maryland,0.050344023082839105,-0.050344023082839105
670,2002,Massachusetts,-0.015576245133982577,0.015576245133982577
671,2002,Michigan,-0.043476351295490996,0.043476351295490996
672,2002,Minnesota,0.0393729780217159,-0.0393729780217159
673,2002,Mississippi,0.0015942147420654324,-0.0015942147420654324
674,2002,Missouri,0.004064738562436095,-0.004064738562436095
675,2002,Montana,-0.06015565971771585,0.06015565971771585
676,2002,Nebraska,0.08372630020070539,-0.08372630020070539
677,2002,Nevada,0.00018731524467149036,-0.00018731524467149036
678,2002,New Hampshire,-0.08052190473183701,0.08052190473183701
679,2002,New Jersey,-0.02564154969193232,0.02564154969193232
680,2002,New Mexico,-0.17632545079960243,0.17632545079960243
681,2002,New York,0.004982914359707835,-0.004982914359707835
682,2002,North Carolina,0.02133715985608924,-0.02133715985608924
683,2002,North Dakota,0.22594035406657145,-0.22594035406657145
684,2002,Ohio,-0.009825343146473634,0.009825343146473634
685,2002,Oklahoma,-0.061331311549440486,0.061331311549440486
686,2002,Oregon,0.04246355515990669,-0.04246355515990669
687,2002,Pennsylvania,0.004189147013009318,-0.004189147013009318
688,2002,Rhode Island,0.028008581171310113,-0.028008581171310113
689,2002,South Carolina,0.011447780928522115,-0.011447780928522115
690,2002,South Dakota,-0.14045766989118608,0.14045766989118608
691,2002,Tennessee,0.02044202509518512,-0.02044202509518512
692,2002,Texas,0.021004906589767097,-0.021004906589767097
693,2002,Utah,0.017819764430888337,-0.017819764430888337
694,2002,Vermont,0.06464939734967037,-0.06464939734967037
695,2002,Virginia,0.04007406575618966,-0.04007406575618966
696,2002,Washington,0.03427712199417891,-0.03427712199417891
697,2002,West Virginia,-0.11541659061530345,0.11541659061530345
698,2002,Wisconsin,0.04074430846928676,-0.04074430846928676
699,2002,Wyoming,-0.08565556970735064,0.08565556970735064
700,2004,Alabama,-0.0009877238498276204,0.0009877238498276204
701,2004,Alaska,-0.0025700342671235617,0.0025700342671235617
702,2004,Arizona,-0.02220760678828703,0.02220760678828703
703,2004,Arkansas,0.02642271937390628,-0.02642271937390628
704,2004,California,-0.01328128665115249,0.01328128665115249
705,2004,Colorado,-0.026103382141214503,0.026103382141214503
706,2004,Connecticut,-0.07468654967873874,0.07468654967873874
707,2004,Delaware,-0.0265131514274881,0.0265131514274881
708,2004,Florida,-0.04044674140246234,0.04044674140246234
709,2004,Georgia,0.09164577458341619,-0.09164577458341619
710,2004,Hawaii,0.09142975028944753,-0.09142975028944753
711,2004,Idaho,-0.0488316393734736,0.0488316393734736
712,2004,Illinois,-0.04530616496962139,0.04530616496962139
713,2004,Indiana,-0.05060403260123195,0.05060403260123195
714,2004,Iowa,-0.043149054748031775,0.043149054748031775
715,2004,Kansas,0.026654700692962625,-0.026654700692962625
716,2004,Kentucky,-0.02102085173731178,0.02102085173731178
717,2004,Louisiana,0.0017288176657483246,-0.0017288176657483246
718,2004,Maine,0.12468391892903229,-0.12468391892903229
719,2004,Maryland,0.011945936096551871,-0.011945936096551871
720,2004,Massachusetts,-0.014765982638536741,0.014765982638536741
721,2004,Michigan,-0.02854596593503197,0.02854596593503197
722,2004,Minnesota,0.05317419030695428,-0.05317419030695428
723,2004,Mississippi,0.10131259107301308,-0.10131259107301308
724,2004,Missouri,0.004372986551330856,-0.004372986551330856
725,2004,Montana,-0.06126255918480667,0.06126255918480667
726,2004,Nebraska,-0.035088177540131445,0.035088177540131445
727,2004,Nevada,-0.03593312986620304,0.03593312986620304
728,2004,New Hampshire,-0.07589627542608235,0.07589627542608235
729,2004,New Jersey,-0.023541410237932468,0.023541410237932468
730,2004,New Mexico,-0.08159575067612454,0.08159575067612454
731,2004,New York,-0.004484715565794785,0.004484715565794785
732,2004,North Carolina,-0.013120386145821238,0.013120386145821238
733,2004,North Dakota,0.15436885082396545,-0.15436885082396545
734,2004,Ohio,-0.07463086915100829,0.07463086915100829
735,2004,Oklahoma,0.0232811812738836,-0.0232811812738836
736,2004,Oregon,0.04104080406319735,-0.04104080406319735
737,2004,Pennsylvania,-0.05445190477659367,0.05445190477659367
738,2004,Rhode Island,0.02142603749255794,-0.02142603749255794
739,2004,South Carolina,0.03893710977280196,-0.03893710977280196
740,2004,South Dakota,0.1418336465811483,-0.1418336465811483
741,2004,Tennessee,0.03371385548863157,-0.03371385548863157
742,2004,Texas,-0.017474058530749254,0.017474058530749254
743,2004,Utah,0.010896933974915795,-0.010896933974915795
744,2004,Vermont,0.034482374232807006,-0.034482374232807006
745,2004,Virginia,0.006528961269722294,-0.006528961269722294
746,2004,Washington,-0.0048985377024733144,0.0048985377024733144
747,2004,West Virginia,-0.005029591192804721,0.005029591192804721
748,2004,Wisconsin,-0.004526436658761632,0.004526436658761632
749,2004,Wyoming,-0.07314049413997985,0.07314049413997985
750,2006,Alabama,-0.052218120786124866,0.052218120786124866
751,2006,Alaska,-0.05572780157258838,0.05572780157258838
752,2006,Arizona,0.012470771628994544,-0.012470771628994544
753,2006,Arkansas,0.01995547901668521,-0.01995547901668521
754,2006,California,-0.031029122770823637,0.031029122770823637
755,2006,Colorado,-0.025575423964432797,0.025575423964432797
756,2006,Connecticut,0.03349776775728645,-0.03349776775728645
757,2006,Delaware,-0.07897883938433177,0.07897883938433177
758,2006,Florida,-0.06410748114594994,0.06410748114594994
759,2006,Georgia,0.003918489836490873,-0.003918489836490873
760,2006,Hawaii,0.09956383306109888,-0.09956383306109888
761,2006,Idaho,-0.07546301953409451,0.07546301953409451
762,2006,Illinois,-0.07722074358677329,0.07722074358677329
763,2006,Indiana,0.02351115003966545,-0.02351115003966545
764,2006,Iowa,0.049892195178931856,-0.049892195178931856
765,2006,Kansas,0.051295840743462225,-0.051295840743462225
766,2006,Kentucky,-0.05912823566556698,0.05912823566556698
767,2006,Louisiana,0.013791674843548984,-0.013791674843548984
768,2006,Maine,0.059431172139321135,-0.059431172139321135
769,2006,Maryland,-0.03606117978428571,0.03606117978428571
770,2006,Massachusetts,-0.03825343033295196,0.03825343033295196
771,2006,Michigan,-0.057729856972650206,0.057729856972650206
772,2006,Minnesota,0.04271193419167789,-0.04271193419167789
773,2006,Mississippi,0.0283037903724042,-0.0283037903724042
774,2006,Missouri,-0.016652938855729372,0.016652938855729372
775,2006,Montana,-0.10083389760952088,0.10083389760952088
776,2006,Nebraska,-0.1893796543122061,0.1893796543122061
777,2006,Nevada,-0.07995905724678903,0.07995905724678903
778,2006,New Hampshire,0.12834167315397946,-0.12834167315397946
779,2006,New Jersey,-0.058758686096266353,0.058758686096266353
780,2006,New Mexico,-0.11872927493775635,0.11872927493775635
781,2006,New York,0.009808497721822528,-0.009808497721822528
782,2006,North Carolina,-0.011173154947506071,0.011173154947506071
783,2006,North Dakota,0.09319527986729222,-0.09319527986729222
784,2006,Ohio,-0.08313855405318103,0.08313855405318103
785,2006,Oklahoma,-0.06403601310068971,0.06403601310068971
786,2006,Oregon,0.03496227043100473,-0.03496227043100473
787,2006,Pennsylvania,-0.016319760064372336,0.016319760064372336
788,2006,Rhode Island,-0.03944408462867012,0.03944408462867012
789,2006,South Carolina,-0.02151069636988568,0.02151069636988568
790,2006,South Dakota,0.03415257133606346,-0.03415257133606346
791,2006,Tennessee,-0.0019889993314129994,0.0019889993314129994
792,2006,Texas,-0.04681052160429226,0.04681052160429226
793,2006,Utah,-0.004501357114851284,0.004501357114851284
794,2006,Vermont,0.045916024045329865,-0.045916024045329865
795,2006,Virginia,-0.03779268232482371,0.03779268232482371
796,2006,Washington,-0.023441951474939972,0.023441951474939972
797,2006,West Virginia,-0.009472392384959677,0.009472392384959677
798,2006,Wisconsin,0.042499131221219434,-0.042499131221219434
799,2006,Wyoming,-0.08247288263724316,0.08247288263724316
800,2008,Alabama,0.062344555063539586,-0.062344555063539586
801,2008,Alaska,-0.11208112234918512,0.11208112234918512
802,2008,Arizona,0.012101920286658449,-0.012101920286658449
803,2008,Arkansas,-0.04360030738440818,0.04360030738440818
804,2008,California,-0.051514531237014514,0.051514531237014514
805,2008,Colorado,0.02399662624922356,-0.02399662624922356
806,2008,Connecticut,0.045241577852512746,-0.045241577852512746
807,2008,Delaware,-0.08969828887095924,0.08969828887095924
808,2008,Florida,-0.047347009053623365,0.047347009053623365
809,2008,Georgia,-0.04569585441032153,0.04569585441032153
810,2008,Hawaii,-0.003727635576560297,0.003727635576560297
811,2008,Idaho,0.09345447648775106,-0.09345447648775106
812,2008,Illinois,-0.04905383784943082,0.04905383784943082
813,2008,Indiana,-0.007773821857812961,0.007773821857812961
814,2008,Iowa,0.025756854618656344,-0.025756854618656344
815,2008,Kansas,-0.00523813583028084,0.00523813583028084
816,2008,Kentucky,-0.005940209709289055,0.005940209709289055
817,2008,Louisiana,-0.10872209322529706,0.10872209322529706
818,2008,Maine,0.1417710297549222,-0.1417710297549222
819,2008,Maryland,0.00030892027979776305,-0.00030892027979776305
820,2008,Massachusetts,-0.03451143884507601,0.03451143884507601
821,2008,Michigan,-0.01741616551777064,0.01741616551777064
822,2008,Minnesota,0.041825650708665264,-0.041825650708665264
823,2008,Mississippi,0.02709219518147903,-0.02709219518147903
824,2008,Missouri,-0.034842391295373976,0.034842391295373976
825,2008,Montana,-0.06093366604283635,0.06093366604283635
826,2008,Nebraska,-0.09160972816540666,0.09160972816540666
827,2008,Nevada,0.010903529694390584,-0.010903529694390584
828,2008,New Hampshire,0.1319723231951865,-0.1319723231951865
829,2008,New Jersey,-0.018964482562916243,0.018964482562916243
830,2008,New Mexico,0.14175259617746513,-0.14175259617746513
831,2008,New York,0.01742242574690193,-0.01742242574690193
832,2008,North Carolina,0.007114087997703001,-0.007114087997703001
833,2008,North Dakota,0.13025735352666698,-0.13025735352666698
834,2008,Ohio,-0.005568792774952248,0.005568792774952248
835,2008,Oklahoma,-0.03829733098224413,0.03829733098224413
836,2008,Oregon,-0.011371926069235226,0.011371926069235226
837,2008,Pennsylvania,0.0028145332121853827,-0.0028145332121853827
838,2008,Rhode Island,0.022412480824579122,-0.022412480824579122
839,2008,South Carolina,-0.05195173670460215,0.05195173670460215
840,2008,South Dakota,0.0744412372330854,-0.0744412372330854
841,2008,Tennessee,-0.02226445155626389,0.02226445155626389
842,2008,Texas,-0.011464974371113849,0.011464974371113849
843,2008,Utah,-0.002870212665789982,0.002870212665789982
844,2008,Vermont,-0.04749678614431709,0.04749678614431709
845,2008,Virginia,-0.023242254883719664,0.023242254883719664
846,2008,Washington,-0.005991412483191586,0.005991412483191586
847,2008,West Virginia,-0.08872333064502666,0.08872333064502666
848,2008,Wisconsin,0.02474458502787064,-0.02474458502787064
849,2008,Wyoming,-0.0803770409696484,0.0803770409696484
850,2010,Alabama,9.223566359733588e-05,-9.223566359733588e-05
851,2010,Alaska,-0.038516785604288305,0.038516785604288305
852,2010,Arizona,-0.019847545925910027,0.019847545925910027
853,2010,Arkansas,-0.029416143595812003,0.029416143595812003
854,2010,California,-0.0062858947376783604,0.0062858947376783604
855,2010,Colorado,-0.015444660870658761,0.015444660870658761
856,2010,Connecticut,0.0635146860855986,-0.0635146860855986
857,2010,Delaware,0.0685233414911856,-0.0685233414911856
858,2010,Florida,-0.03240535181323848,0.03240535181323848
859,2010,Georgia,0.04976363800063272,-0.04976363800063272
860,2010,Hawaii,0.07614896784748766,-0.07614896784748766
861,2010,Idaho,-0.06970725533228563,0.06970725533228563
862,2010,Illinois,-0.06530294616710938,0.06530294616710938
863,2010,Indiana,-0.012396470435444316,0.012396470435444316
864,2010,Iowa,0.04997007878191965,-0.04997007878191965
865,2010,Kansas,-0.06074476839227003,0.06074476839227003
866,2010,Kentucky,0.04218981741068025,-0.04218981741068025
867,2010,Louisiana,-0.00896235027719621,0.00896235027719621
868,2010,Maine,0.15016618842072277,-0.15016618842072277
869,2010,Maryland,-0.005246437030629815,0.005246437030629815
870,2010,Massachusetts,0.06524267526385655,-0.06524267526385655
871,2010,Michigan,-0.01230234067593647,0.01230234067593647
872,2010,Minnesota,0.019154706435960536,-0.019154706435960536
873,2010,Mississippi,-0.0386324351006247,0.0386324351006247
874,2010,Missouri,0.001895751009413707,-0.001895751009413707
875,2010,Montana,-0.07809963340280457,0.07809963340280457
876,2010,Nebraska,-0.04595132364374283,0.04595132364374283
877,2010,Nevada,-0.05145380209567185,0.05145380209567185
878,2010,New Hampshire,-0.1240066860479891,0.1240066860479891
879,2010,New Jersey,-0.0039024657332061316,0.0039024657332061316
880,2010,New Mexico,0.0919151229110485,-0.0919151229110485
881,2010,New York,0.025485586528242166,-0.025485586528242166
882,2010,North Carolina,0.05528880947508697,-0.05528880947508697
883,2010,North Dakota,-0.2007899502420201,0.2007899502420201
884,2010,Ohio,-0.03983011722672877,0.03983011722672877
885,2010,Oklahoma,0.0467328798703545,-0.0467328798703545
886,2010,Oregon,0.057027873143633015,-0.057027873143633015
887,2010,Pennsylvania,-0.050724997903187054,0.050724997903187054
888,2010,Rhode Island,0.07252037930460822,-0.07252037930460822
889,2010,South Carolina,-0.0364644866521723,0.0364644866521723
890,2010,South Dakota,-0.1592418901404394,0.1592418901404394
891,2010,Tennessee,-0.006066685160213929,0.006066685160213929
892,2010,Texas,0.014773093699046521,-0.014773093699046521
893,2010,Utah,0.0346967239582935,-0.0346967239582935
894,2010,Vermont,0.034928999962267476,-0.034928999962267476
895,2010,Virginia,-0.025965823115650374,0.025965823115650374
896,2010,Washington,-0.006058399400824955,0.006058399400824955
897,2010,West Virginia,-0.04341914938483944,0.04341914938483944
898,2010,Wisconsin,-0.009607171284745225,0.009607171284745225
899,2010,Wyoming,-0.008312284048310293,0.008312284048310293
900,2012,Alabama,-0.02145025172252346,0.02145025172252346
901,2012,Alaska,-0.029352251866778926,0.029352251866778926
902,2012,Arizona,0.027131190605393818,-0.027131190605393818
903,2012,Arkansas,-0.04766397819460415,0.04766397819460415
904,2012,California,-0.01208005059176817,0.01208005059176817
905,2012,Colorado,-0.005029090877076812,0.005029090877076812
906,2012,Connecticut,0.05033042789235222,-0.05033042789235222
907,2012,Delaware,0.04757813889125107,-0.04757813889125107
908,2012,Florida,-0.03756443461559785,0.03756443461559785
909,2012,Georgia,0.03652706235401488,-0.03652706235401488
910,2012,Hawaii,0.04066054913658417,-0.04066054913658417
911,2012,Idaho,-0.05358674356927579,0.05358674356927579
912,2012,Illinois,0.009876029885752084,-0.009876029885752084
913,2012,Indiana,-0.07781985108766072,0.07781985108766072
914,2012,Iowa,-0.006091259214505175,0.006091259214505175
915,2012,Kansas,0.006761082896684727,-0.006761082896684727
916,2012,Kentucky,-0.04160127684830981,0.04160127684830981
917,2012,Louisiana,0.03286165022027996,-0.03286165022027996
918,2012,Maine,0.092219218361364,-0.092219218361364
919,2012,Maryland,0.013219402328109343,-0.013219402328109343
920,2012,Massachusetts,0.015835825712325172,-0.015835825712325172
921,2012,Michigan,-0.04715968737524527,0.04715968737524527
922,2012,Minnesota,0.05201730725266123,-0.05201730725266123
923,2012,Mississippi,0.0018430451307320614,-0.0018430451307320614
924,2012,Missouri,-0.03433120498867319,0.03433120498867319
925,2012,Montana,-0.1315573713539278,0.1315573713539278
926,2012,Nebraska,-0.10758205342291088,0.10758205342291088
927,2012,Nevada,-0.016218875225675795,0.016218875225675795
928,2012,New Hampshire,0.11426937527842254,-0.11426937527842254
929,2012,New Jersey,-0.03917706279942653,0.03917706279942653
930,2012,New Mexico,0.03865602583854548,-0.03865602583854548
931,2012,New York,0.006231203294926384,-0.006231203294926384
932,2012,North Carolina,-0.09031079915179328,0.09031079915179328
933,2012,North Dakota,0.012233416818457802,-0.012233416818457802
934,2012,Ohio,-0.0811940979435688,0.0811940979435688
935,2012,Oklahoma,-0.05104739211063993,0.05104739211063993
936,2012,Oregon,0.033127998902210194,-0.033127998902210194
937,2012,Pennsylvania,-0.10263916778038783,0.10263916778038783
938,2012,Rhode Island,0.08364940681432996,-0.08364940681432996
939,2012,South Carolina,-0.05177648664824704,0.05177648664824704
940,2012,South Dakota,-0.17550127410916114,0.17550127410916114
941,2012,Tennessee,-0.00511823973141902,0.00511823973141902
942,2012,Texas,-0.015547074718734611,0.015547074718734611
943,2012,Utah,0.021456239715493684,-0.021456239715493684
944,2012,Vermont,0.002246224101596587,-0.002246224101596587
945,2012,Virginia,-0.05564901516831247,0.05564901516831247
946,2012,Washington,0.0162500590433448,-0.0162500590433448
947,2012,West Virginia,0.005389379344324663,-0.005389379344324663
948,2012,Wisconsin,-0.041793950593267855,0.041793950593267855
949,2012,Wyoming,-0.008212006382130035,0.008212006382130035
950,2014,Alabama,-0.010688801338093782,0.010688801338093782
951,2014,Alaska,-0.10000277041978116,0.10000277041978116
952,2014,Arizona,0.00688477503196315,-0.00688477503196315
953,2014,Arkansas,-0.058468228248536515,0.058468228248536515
954,2014,California,0.029148132169988284,-0.029148132169988284
955,2014,Colorado,-0.006305780719137842,0.006305780719137842
956,2014,Connecticut,0.0708211045550847,-0.0708211045550847
957,2014,Delaware,0.06875844605534136,-0.06875844605534136
958,2014,Florida,-0.01658110203811638,0.01658110203811638
959,2014,Georgia,-0.02759983958254009,0.02759983958254009
960,2014,Hawaii,0.041730607767035736,-0.041730607767035736
961,2014,Idaho,-0.09401078467491097,0.09401078467491097
962,2014,Illinois,-0.008519865747133067,0.008519865747133067
963,2014,Indiana,-0.03339609639829963,0.03339609639829963
964,2014,Iowa,-0.050994437387360536,0.050994437387360536
965,2014,Kansas,-0.10350003077175562,0.10350003077175562
966,2014,Kentucky,-0.02381115931173497,0.02381115931173497
967,2014,Louisiana,0.006282313749420018,-0.006282313749420018
968,2014,Maine,-0.02064259735881594,0.02064259735881594
969,2014,Maryland,0.04979963873946279,-0.04979963873946279
970,2014,Massachusetts,-0.009333951882279513,0.009333951882279513
971,2014,Michigan,-0.04551999399152297,0.04551999399152297
972,2014,Minnesota,0.06916891444070647,-0.06916891444070647
973,2014,Mississippi,-0.02449241309300943,0.02449241309300943
974,2014,Missouri,-0.013071971478068892,0.013071971478068892
975,2014,Montana,-0.11667794497454001,0.11667794497454001
976,2014,Nebraska,0.041954545647411245,-0.041954545647411245
977,2014,Nevada,-0.045291795387852475,0.045291795387852475
978,2014,New Hampshire,-0.012036651972608057,0.012036651972608057
979,2014,New Jersey,-0.027834899616888325,0.027834899616888325
980,2014,New Mexico,0.05715785288387701,-0.05715785288387701
981,2014,New York,-0.008241288213187538,0.008241288213187538
982,2014,North Carolina,-0.07300867993079799,0.07300867993079799
983,2014,North Dakota,0.01383962681465396,-0.01383962681465396
984,2014,Ohio,-0.033269437781365985,0.033269437781365985
985,2014,Oklahoma,-0.020441926861431616,0.020441926861431616
986,2014,Oregon,0.032187699355299054,-0.032187699355299054
987,2014,Pennsylvania,-0.0679151925641959,0.0679151925641959
988,2014,Rhode Island,0.09282693084000249,-0.09282693084000249
989,2014,South Carolina,-0.012110228498375963,0.012110228498375963
990,2014,South Dakota,-0.08470192060625581,0.08470192060625581
991,2014,Tennessee,-0.0027882433823380563,0.0027882433823380563
992,2014,Texas,-0.009227385942549812,0.009227385942549812
993,2014,Utah,-0.038626319353914765,0.038626319353914765
994,2014,Vermont,0.023747359249489754,-0.023747359249489754
995,2014,Virginia,-0.0252933061012191,0.0252933061012191
996,2014,Washington,0.0421326862435948,-0.0421326862435948
997,2014,West Virginia,-0.09713546920993615,0.09713546920993615
998,2014,Wisconsin,-0.020801863817276025,0.020801863817276025
999,2014,Wyoming,-0.008630957597671591,0.008630957597671591
1000,2016,Alabama,-0.02242711351238483,0.02242711351238483
1001,2016,Alaska,-0.0714015016320677,0.0714015016320677
1002,2016,Arizona,-0.01641672268522612,0.01641672268522612
1003,2016,Arkansas,0.04185998084667052,-0.04185998084667052
1004,2016,California,-0.03583531049384308,0.03583531049384308
1005,2016,Colorado,-0.015037972552130236,0.015037972552130236
1006,2016,Connecticut,0.052298031850415656,-0.052298031850415656
1007,2016,Delaware,0.08859276966931912,-0.08859276966931912
1008,2016,Florida,-0.017721279919683332,0.017721279919683332
1009,2016,Georgia,-0.0036353938617021547,0.0036353938617021547
1010,2016,Hawaii,-0.005422648846177512,0.005422648846177512
1011,2016,Idaho,-0.05000190729378486,0.05000190729378486
1012,2016,Illinois,0.0006716783892118141,-0.0006716783892118141
1013,2016,Indiana,-0.052643533918880776,0.052643533918880776
1014,2016,Iowa,-0.04347326098735712,0.04347326098735712
1015,2016,Kansas,-0.05185907760153709,0.05185907760153709
1016,2016,Kentucky,0.054531761386081394,-0.054531761386081394
1017,2016,Louisiana,0.005122325027673554,-0.005122325027673554
1018,2016,Maine,-0.0026404846675684218,0.0026404846675684218
1019,2016,Maryland,0.02294819681567604,-0.02294819681567604
1020,2016,Massachusetts,-0.014998463434143816,0.014998463434143816
1021,2016,Michigan,-0.03517970158441495,0.03517970158441495
1022,2016,Minnesota,0.06900557260243699,-0.06900557260243699
1023,2016,Mississippi,-0.01556207830171204,0.01556207830171204
1024,2016,Missouri,-0.01759531184181183,0.01759531184181183
1025,2016,Montana,-0.11452333551909986,0.11452333551909986
1026,2016,Nebraska,-0.03518789832246722,0.03518789832246722
1027,2016,Nevada,0.050046847603655825,-0.050046847603655825
1028,2016,New Hampshire,0.07801424418255538,-0.07801424418255538
1029,2016,New Jersey,-0.012162243940120807,0.012162243940120807
1030,2016,New Mexico,0.037693906719081266,-0.037693906719081266
1031,2016,New York,-0.015320928011594197,0.015320928011594197
1032,2016,North Carolina,-0.09269508667871505,0.09269508667871505
1033,2016,North Dakota,-0.011541649062367968,0.011541649062367968
1034,2016,Ohio,-0.0402493912073972,0.0402493912073972
1035,2016,Oklahoma,-0.028994557298886694,0.028994557298886694
1036,2016,Oregon,0.03643305987026324,-0.03643305987026324
1037,2016,Pennsylvania,-0.07648557616488008,0.07648557616488008
1038,2016,Rhode Island,0.053307094205846124,-0.053307094205846124
1039,2016,South Carolina,-0.03564397539753413,0.03564397539753413
1040,2016,South Dakota,-0.10897078976033386,0.10897078976033386
1041,2016,Tennessee,-0.0029548365512997573,0.0029548365512997573
1042,2016,Texas,-0.0235984426388809,0.0235984426388809
1043,2016,Utah,-0.06079329978186145,0.06079329978186145
1044,2016,Vermont,-0.06501855105205841,0.06501855105205841
1045,2016,Virginia,-0.04996760269516529,0.04996760269516529
1046,2016,Washington,0.008224279576636363,-0.008224279576636363
1047,2016,West Virginia,-0.07759567856306526,0.07759567856306526
1048,2016,Wisconsin,-0.051075651419406946,0.051075651419406946
1049,2016,Wyoming,-0.026874176104434076,0.026874176104434076
1050,2018,Alabama,-0.0717519927890948,0.0717519927890948
1051,2018,Alaska,-0.1447162308711893,0.1447162308711893
1052,2018,Arizona,-0.01301532969213691,0.01301532969213691
1053,2018,Arkansas,-0.0648781270809871,0.0648781270809871
1054,2018,California,0.013633895527456884,-0.013633895527456884
1055,2018,Colorado,-0.004234685822354429,0.004234685822354429
1056,2018,Connecticut,0.06778404588509342,-0.06778404588509342
1057,2018,Delaware,0.10545888296379456,-0.10545888296379456
1058,2018,Florida,-0.03904164661710658,0.03904164661710658
1059,2018,Georgia,-0.038338375676820996,0.038338375676820996
1060,2018,Hawaii,-0.007142656515576973,0.007142656515576973
1061,2018,Idaho,-0.04450880668894324,0.04450880668894324
1062,2018,Illinois,-0.005989065593347535,0.005989065593347535
1063,2018,Indiana,-0.076307513481179,0.076307513481179
1064,2018,Iowa,0.0420504033697437,-0.0420504033697437
1065,2018,Kansas,-0.040261839081573374,0.040261839081573374
1066,2018,Kentucky,-0.03451918393771196,0.03451918393771196
1067,2018,Louisiana,-0.030683880666689946,0.030683880666689946
1068,2018,Maine,0.13770398533325864,-0.13770398533325864
1069,2018,Maryland,-0.033965842101524216,0.033965842101524216
1070,2018,Massachusetts,-0.02853941829538124,0.02853941829538124
1071,2018,Michigan,-0.02706340376568578,0.02706340376568578
1072,2018,Minnesota,0.07938283312512472,-0.07938283312512472
1073,2018,Mississippi,-0.06237012769157197,0.06237012769157197
1074,2018,Missouri,-0.03801525059963315,0.03801525059963315
1075,2018,Montana,-0.15121793105362386,0.15121793105362386
1076,2018,Nebraska,-0.1297055572304291,0.1297055572304291
1077,2018,Nevada,0.030743025528135688,-0.030743025528135688
1078,2018,New Hampshire,0.09772945488695457,-0.09772945488695457
1079,2018,New Jersey,0.04661541088144476,-0.04661541088144476
1080,2018,New Mexico,0.11024088665943169,-0.11024088665943169
1081,2018,New York,0.003363980167171091,-0.003363980167171091
1082,2018,North Carolina,-0.09334516012382454,0.09334516012382454
1083,2018,North Dakota,0.02550523742582387,-0.02550523742582387
1084,2018,Ohio,-0.08267016651970698,0.08267016651970698
1085,2018,Oklahoma,-0.01598512249555069,0.01598512249555069
1086,2018,Oregon,0.02207163117711542,-0.02207163117711542
1087,2018,Pennsylvania,-0.044647961603063245,0.044647961603063245
1088,2018,Rhode Island,0.06599246320902986,-0.06599246320902986
1089,2018,South Carolina,-0.030367274726350955,0.030367274726350955
1090,2018,South Dakota,-0.06416687284444855,0.06416687284444855
1091,2018,Tennessee,-0.02536770826095064,0.02536770826095064
1092,2018,Texas,-0.06184582290470188,0.06184582290470188
1093,2018,Utah,-0.0037273453166677063,0.0037273453166677063
1094,2018,Vermont,0.013494169593798518,-0.013494169593798518
1095,2018,Virginia,0.0025031245748101446,-0.0025031245748101446
1096,2018,Washington,-0.03008296626914202,0.03008296626914202
1097,2018,West Virginia,-0.13699152100201797,0.13699152100201797
1098,2018,Wisconsin,-0.06911749538461391,0.06911749538461391
1099,2018,Wyoming,-0.03236005863499714,0.03236005863499714
